{"settings": {"sampling_time": 1, "save_directory": "C:\\mentes22\\mentes\\IIT\\projects\\pymgipsim\\SimulationResults", "simulator_name": "OpenLoopSolver", "number_of_subjects": 2, "start_time": 0, "end_time": 1440, "solver_name": "RK4"}, "input_generation": {"meal_duration": [30, 60], "snack_duration": [5, 15], "breakfast_time_range": [360, 480], "lunch_time_range": [720, 840], "dinner_time_range": [1080, 1200], "morning_snack_time_range": [540, 660], "afternoon_snack_time_range": [900, 1020], "night_snack_time_range": [1260, 1380], "sglt2i_dose_magnitude": 0, "sglt2i_dose_time_range": [360, 540], "breakfast_carb_range": [80, 120], "lunch_carb_range": [80, 120], "dinner_carb_range": [80, 120], "morning_snack_carb_range": [0], "afternoon_snack_carb_range": [10, 20], "night_snack_carb_range": [0]}, "inputs": {"meal_carb": {"magnitude": [[86, 108, 101], [103, 92, 106]], "start_time": [[366.0, 757.0, 1139.0], [417.0, 829.0, 1140.0]], "duration": [[39, 53, 59], [58, 55, 47]]}, "snack_carb": {"magnitude": [[13], [13]], "start_time": [[941.0], [1013.0]], "duration": [[13], [12]]}, "sgl2i": null, "basal_insulin": {"magnitude": [[1.1361426567898003], [1.4543908266349637]], "start_time": [[0.0], [0.0]], "duration": [[]]}, "bolus_insulin": {"magnitude": [[5.375, 6.75, 6.3125], [6.866666666666666, 6.133333333333334, 7.066666666666666]], "start_time": [[366.0, 757.0, 1139.0], [417.0, 829.0, 1140.0]], "duration": [[1, 1, 1], [1, 1, 1]]}, "heart_rate": {"magnitude": [[66.33169169470821], [58.05836346531236]], "start_time": [[0.0], [0.0]], "duration": [[]]}, "taud": null}, "patient": {"demographic_info": {"body_weight": [79.22003436760265, 74.04155784934036], "egfr": [null, null], "basal": [1.1361426567898003, 1.4543908266349637], "height": [174.8103811281792, 173.84787210200366], "total_daily_basal": [16.893508304187925, 21.925064704959457], "carb_insulin_ratio": [16.0, 15.0], "resting_heart_rate": [66.33169169470821, 58.05836346531236]}, "model": {"name": "T1DM.Hovorka", "parameters": [[9.11037770708543e-05, 6.4205863560203254e-06, 0.0008899826050580696, 1.0022001814776393, 0.138, 0.0025431787068661512, 0.8, 113.96606491055171, 40.0, 2.866236365809071, 2.2302245353202212, 1.1616404144126435, 3.912516113487867, 0.64410995618583, 79.22003436760265, 66.33169169470821, 195.85544670693196, 12.675205498816425, 9.506404124112318, 0.7158710145015055, 0.066, 0.006, 0.06, 0.03, -1.9, 0.28, 7.0, -12.0, 15.0, 2.73, 8.23, 0.18, 0.1, 0.1, 20.0], [7.407371916727526e-05, 6.704012973917049e-06, 0.0003023103952289735, 1.0443379830083472, 0.138, 0.003850405044653224, 0.8, 130.70335957385532, 40.0, 1.8861271423581911, 1.8175898669489827, 2.012638659588941, 4.243239710991438, 0.8634853885075751, 74.04155784934036, 58.05836346531236, 190.85963255117065, 11.846649255894459, 8.884986941920843, 0.7382289978502687, 0.066, 0.006, 0.06, 0.03, -1.9, 0.28, 7.0, -12.0, 15.0, 2.73, 8.23, 0.18, 0.1, 0.1, 20.0]], "initial_conditions": null}, "files": ["Patient_1.json", "Patient_2.json"]}}