{"settings": {"sampling_time": 1, "save_directory": "C:\\mentes22\\mentes\\IIT\\projects\\pymgipsim\\SimulationResults", "simulator_name": "OpenLoopSolver", "start_time": 0, "end_time": 1440, "solver_name": "RK4"}, "input_generation": {"meal_duration": [30, 60], "snack_duration": [5, 15], "breakfast_time_range": [360, 480], "lunch_time_range": [720, 840], "dinner_time_range": [1080, 1200], "am_snack_time_range": [540, 660], "pm_snack_time_range": [900, 1020], "sglt2i_dose_magnitude": 0, "sglt2i_dose_time_range": [360, 540], "breakfast_carb_range": [80, 120], "lunch_carb_range": [80, 120], "dinner_carb_range": [80, 120], "am_snack_carb_range": [0], "pm_snack_carb_range": [10, 20]}, "inputs": {"meal_carb": {"magnitude": [[87, 89, 108]], "start_time": [[445.0, 778.0, 1092.0]], "duration": [[52, 53, 52]]}, "snack_carb": {"magnitude": [[0, 15]], "start_time": [[621.0, 997.0]], "duration": [[15, 8]]}, "sgl2i": null, "basal_insulin": {"magnitude": [[1.4543908266349637]], "start_time": [[0.0]], "duration": [[]]}, "bolus_insulin": {"magnitude": [[5.8, 5.933333333333334, 7.2]], "start_time": [[445.0, 778.0, 1092.0]], "duration": [[1, 1, 1]]}, "heart_rate": {"magnitude": [[58.05836346531236]], "start_time": [[0.0]], "duration": [[]]}, "taud": null}, "patient": {"demographic_info": {"body_weight": [74.04155784934036], "egfr": [null], "basal": [1.4543908266349637], "height": [173.84787210200366], "total_daily_basal": [21.925064704959457], "carb_insulin_ratio": [15.0], "resting_heart_rate": [58.05836346531236]}, "model": {"name": "T1DM.Hovorka", "parameters": [[7.407371916727526e-05, 6.704012973917049e-06, 0.0003023103952289735, 1.0443379830083472, 0.138, 0.003850405044653224, 0.8, 130.70335957385532, 40.0, 1.8861271423581911, 1.8175898669489827, 2.012638659588941, 4.243239710991438, 0.8634853885075751, 74.04155784934036, 58.05836346531236, 190.85963255117065, 11.846649255894459, 8.884986941920843, 0.7382289978502687, 0.066, 0.006, 0.06, 0.03, -1.9, 0.28, 7.0, -12.0, 15.0, 2.73, 8.23, 0.18, 0.1, 0.1, 20.0]], "initial_conditions": null}, "files": ["Patient_2.json"], "number_of_subjects": 1}}