{
    "model_name": "T1DM.ExtHovorka",
    "model_parameters": {
        "kb1": 7.59576747846196e-05,
        "kb2": 5.82204519436857e-06,
        "kb3": 0.0007170079935566803,
        "EGP0": 2.874525443104729,
        "ke": 0.138,
        "F01": 0.018053883481748717,
        "AG": 0.8,
        "tmaxI": 83.51534336752124,
        "tmaxG": 40.0,
        "p3": 25.718686997688955,
        "p4": 4.442277603183858,
        "p5": 5.1686353728735845,
        "beta": 5.7785608330602,
        "a": 0.44566962164421275,
        "BW": 70.45922062423725,
        "HRrest": 77.69246053703627,
        "HRmax": 203.55486895077289,
        "VG": 11.27347529987796,
        "VI": 8.455106474908469,
        "VT_HRR": 0.8323999399658413,
        "k12": 0.066,
        "ka1": 0.006,
        "ka2": 0.06,
        "ka3": 0.03,
        "aSI": -1.9,
        "b": 0.28,
        "c": 7,
        "dSI": -12,
        "tsub": 15,
        "p1": 2.73,
        "p2": 8.23,
        "p6": 0.18,
        "p7": 0.1,
        "p8": 0.1,
        "tmaxGFast": 20
    },
    "demographic_info": {
        "body_weight": 70.45922062423725,
        "basal": 1.2505536114697684,
        "height": 176.44029823719296,
        "total_daily_basal": 22.222386170885677,
        "carb_insulin_ratio": 23.5,
        "resting_heart_rate": 77.69246053703627,
        "correction_bolus": 59.144351240957675,
        "HbA1c": 6.181500128914491,
        "waist_size": 84.09527980896408
    }
}