{
    "model_name": "T1DM.ExtHovorka",
    "model_parameters": {
        "kb1": 2.576991601557908e-05,
        "kb2": 1.0177850776622337e-05,
        "kb3": 0.0005187712071807109,
        "EGP0": 1.5802891274954969,
        "ke": 0.138,
        "F01": 0.01227781106833486,
        "AG": 0.8,
        "tmaxI": 125.81719346702369,
        "tmaxG": 40.0,
        "p3": 21.723481162711657,
        "p4": 2.917259263100391,
        "p5": 3.8034678488211178,
        "beta": 5.363358890498194,
        "a": 0.5027436291704298,
        "BW": 70.40288283990742,
        "HRrest": 58.713691122157904,
        "HRmax": 193.8677132167076,
        "VG": 11.264461254385187,
        "VI": 8.44834594078889,
        "VT_HRR": 0.7817272101734319,
        "k12": 0.066,
        "ka1": 0.006,
        "ka2": 0.06,
        "ka3": 0.03,
        "aSI": -1.9,
        "b": 0.28,
        "c": 7,
        "dSI": -12,
        "tsub": 15,
        "p1": 2.73,
        "p2": 8.23,
        "p6": 0.18,
        "p7": 0.1,
        "p8": 0.1,
        "tmaxGFast": 20
    },
    "demographic_info": {
        "body_weight": 70.40288283990742,
        "basal": 1.259959782415518,
        "height": 165.45466654148626,
        "total_daily_basal": 13.985995446152488,
        "carb_insulin_ratio": 15.5,
        "resting_heart_rate": 58.713691122157904,
        "correction_bolus": 66.39361087828163,
        "HbA1c": 7.08811590804594,
        "waist_size": 85.07149973111622
    }
}