{
    "model_name": "T1DM.ExtHovorka",
    "model_parameters": {
        "kb1": 5.312118870179764e-05,
        "kb2": 5.911119116610082e-06,
        "kb3": 0.00018981542366105022,
        "EGP0": 1.9727215740156696,
        "ke": 0.138,
        "F01": 0.012747570401761965,
        "AG": 0.8,
        "tmaxI": 121.92120468035358,
        "tmaxG": 40.0,
        "p3": 15.558940145216095,
        "p4": 2.0407703868731346,
        "p5": 4.629924973035088,
        "beta": 4.964384427715848,
        "a": 0.45121250192827267,
        "BW": 61.502045496909794,
        "HRrest": 65.39186526425772,
        "HRmax": 188.8059642301855,
        "VG": 9.840327279505567,
        "VI": 7.380245459629175,
        "VT_HRR": 0.7852063922545244,
        "k12": 0.066,
        "ka1": 0.006,
        "ka2": 0.06,
        "ka3": 0.03,
        "aSI": -1.9,
        "b": 0.28,
        "c": 7,
        "dSI": -12,
        "tsub": 15,
        "p1": 2.73,
        "p2": 8.23,
        "p6": 0.18,
        "p7": 0.1,
        "p8": 0.1,
        "tmaxGFast": 20
    },
    "demographic_info": {
        "body_weight": 61.502045496909794,
        "basal": 1.999181585810431,
        "height": 167.58846930833087,
        "total_daily_basal": 21.27441718756336,
        "carb_insulin_ratio": 19.8,
        "resting_heart_rate": 65.39186526425772,
        "correction_bolus": 63.99924410074793,
        "HbA1c": 6.997697286404984,
        "waist_size": 76.16724547095028
    }
}