{
    "model_name": "T1DM.ExtHovorka",
    "model_parameters": {
        "kb1": 7.808068314928706e-05,
        "kb2": 5.996514214640101e-06,
        "kb3": 0.0004364016023965876,
        "EGP0": 1.513176683135323,
        "ke": 0.138,
        "F01": 0.013841647481098224,
        "AG": 0.8,
        "tmaxI": 83.530731144549,
        "tmaxG": 40.0,
        "p3": 5.685678978838389,
        "p4": 3.014425132144228,
        "p5": 3.8213839685830866,
        "beta": 4.439321541259236,
        "a": 0.39128163403354355,
        "BW": 66.46599841690619,
        "HRrest": 65.61584546323571,
        "HRmax": 190.90199273508895,
        "VG": 10.63455974670499,
        "VI": 7.975919810028742,
        "VT_HRR": 0.804210907086267,
        "k12": 0.066,
        "ka1": 0.006,
        "ka2": 0.06,
        "ka3": 0.03,
        "aSI": -1.9,
        "b": 0.28,
        "c": 7,
        "dSI": -12,
        "tsub": 15,
        "p1": 2.73,
        "p2": 8.23,
        "p6": 0.18,
        "p7": 0.1,
        "p8": 0.1,
        "tmaxGFast": 20
    },
    "demographic_info": {
        "body_weight": 66.46599841690619,
        "basal": 0.9831196545486643,
        "height": 168.28717147115037,
        "total_daily_basal": 15.124055928150238,
        "carb_insulin_ratio": 16.0,
        "resting_heart_rate": 65.61584546323571,
        "correction_bolus": 55.72196189376204,
        "HbA1c": 6.269203158257602,
        "waist_size": 81.5256782585238
    }
}