{
    "model_name": "T1DM.ExtHovorka",
    "model_parameters": {
        "kb1": 3.7520841077273766e-05,
        "kb2": 7.192269236570213e-06,
        "kb3": 0.0007168204754700139,
        "EGP0": 2.134849414643762,
        "ke": 0.138,
        "F01": 0.015560521499319836,
        "AG": 0.8,
        "tmaxI": 128.89161512519567,
        "tmaxG": 40.0,
        "p3": 4.754187286982903,
        "p4": 4.807232925348426,
        "p5": 2.783671018985606,
        "beta": 2.636021949985978,
        "a": 0.3599689259701063,
        "BW": 73.46702140145517,
        "HRrest": 77.58122426239467,
        "HRmax": 200.92321798661567,
        "VG": 11.754723424232827,
        "VI": 8.81604256817462,
        "VT_HRR": 0.6395975299614638,
        "k12": 0.066,
        "ka1": 0.006,
        "ka2": 0.06,
        "ka3": 0.03,
        "aSI": -1.9,
        "b": 0.28,
        "c": 7,
        "dSI": -12,
        "tsub": 15,
        "p1": 2.73,
        "p2": 8.23,
        "p6": 0.18,
        "p7": 0.1,
        "p8": 0.1,
        "tmaxGFast": 20
    },
    "demographic_info": {
        "body_weight": 73.46702140145517,
        "basal": 1.1542701685785703,
        "height": 172.7777512009572,
        "total_daily_basal": 17.504287289602978,
        "carb_insulin_ratio": 18.2,
        "resting_heart_rate": 77.58122426239467,
        "correction_bolus": 37.92188743437339,
        "HbA1c": 6.4144568054939555,
        "waist_size": 82.72277730763291
    }
}