{
    "model_name": "T1DM.ExtHovorka",
    "model_parameters": {
        "kb1": 6.038321945886688e-05,
        "kb2": 8.410930816362069e-06,
        "kb3": 0.0008484382007631835,
        "EGP0": 0.810768200540261,
        "ke": 0.138,
        "F01": 0.008471637364916577,
        "AG": 0.8,
        "tmaxI": 113.44827520218313,
        "tmaxG": 40.0,
        "p3": 2.398878790692388,
        "p4": 3.404458199940851,
        "p5": 2.0699445529336713,
        "beta": 3.2580574371173023,
        "a": 0.48717194738590863,
        "BW": 71.111263921718,
        "HRrest": 67.12333721871421,
        "HRmax": 196.6852293670981,
        "VG": 11.37780222747488,
        "VI": 8.53335167060616,
        "VT_HRR": 0.6943822978131797,
        "k12": 0.066,
        "ka1": 0.006,
        "ka2": 0.06,
        "ka3": 0.03,
        "aSI": -1.9,
        "b": 0.28,
        "c": 7,
        "dSI": -12,
        "tsub": 15,
        "p1": 2.73,
        "p2": 8.23,
        "p6": 0.18,
        "p7": 0.1,
        "p8": 0.1,
        "tmaxGFast": 20
    },
    "demographic_info": {
        "body_weight": 71.111263921718,
        "basal": 0.46041435737079456,
        "height": 170.33177416751968,
        "total_daily_basal": 8.422206452653612,
        "carb_insulin_ratio": 14.0,
        "resting_heart_rate": 67.12333721871421,
        "correction_bolus": 41.90674648472066,
        "HbA1c": 6.305899818469654,
        "waist_size": 81.80315825904194
    }
}