{
    "model_name": "T1DM.ExtHovorka",
    "model_parameters": {
        "kb1": 0.00011631341312832755,
        "kb2": 5.96899495266406e-06,
        "kb3": 0.000223143789239012,
        "EGP0": 0.7390204737863749,
        "ke": 0.138,
        "F01": 0.006805127228196638,
        "AG": 0.8,
        "tmaxI": 130.41201777659654,
        "tmaxG": 40.0,
        "p3": 15.021803545343612,
        "p4": 1.5983600502170359,
        "p5": 3.2554298518866305,
        "beta": 3.5415973314121647,
        "a": 0.5982258595688301,
        "BW": 67.55150236665017,
        "HRrest": 64.83642590624383,
        "HRmax": 195.16727486193153,
        "VG": 10.808240378664028,
        "VI": 8.10618028399802,
        "VT_HRR": 0.7864768986238428,
        "k12": 0.066,
        "ka1": 0.006,
        "ka2": 0.06,
        "ka3": 0.03,
        "aSI": -1.9,
        "b": 0.28,
        "c": 7,
        "dSI": -12,
        "tsub": 15,
        "p1": 2.73,
        "p2": 8.23,
        "p6": 0.18,
        "p7": 0.1,
        "p8": 0.1,
        "tmaxGFast": 20
    },
    "demographic_info": {
        "body_weight": 67.55150236665017,
        "basal": 0.7344866906900138,
        "height": 173.12243729468122,
        "total_daily_basal": 13.40398743964659,
        "carb_insulin_ratio": 15.2,
        "resting_heart_rate": 64.83642590624383,
        "correction_bolus": 42.19648298501429,
        "HbA1c": 6.859704430661882,
        "waist_size": 79.58085803672216
    }
}