{
    "model_name": "T1DM.ExtHovorka",
    "model_parameters": {
        "kb1": 0.00011372204911563542,
        "kb2": 7.023655417170336e-06,
        "kb3": 0.0012892575858639527,
        "EGP0": 0.9250606036424477,
        "ke": 0.138,
        "F01": 0.007146514989207375,
        "AG": 0.8,
        "tmaxI": 70.8234458512044,
        "tmaxG": 40.0,
        "p3": 12.18736595604544,
        "p4": 3.692561465992529,
        "p5": 2.1559572804844516,
        "beta": 5.170153337015699,
        "a": 0.6978346660679822,
        "BW": 76.97383325194161,
        "HRrest": 70.14067773680958,
        "HRmax": 203.1165831340233,
        "VG": 12.315813320310658,
        "VI": 9.236859990232993,
        "VT_HRR": 0.8060280222638125,
        "k12": 0.066,
        "ka1": 0.006,
        "ka2": 0.06,
        "ka3": 0.03,
        "aSI": -1.9,
        "b": 0.28,
        "c": 7,
        "dSI": -12,
        "tsub": 15,
        "p1": 2.73,
        "p2": 8.23,
        "p6": 0.18,
        "p7": 0.1,
        "p8": 0.1,
        "tmaxGFast": 20
    },
    "demographic_info": {
        "body_weight": 76.97383325194161,
        "basal": 0.5149142240605702,
        "height": 179.75618549245436,
        "total_daily_basal": 9.038409800660371,
        "carb_insulin_ratio": 18.0,
        "resting_heart_rate": 70.14067773680958,
        "correction_bolus": 37.113514360626716,
        "HbA1c": 5.771131497493523,
        "waist_size": 88.47522009081086
    }
}