{
    "model_name": "T1DM.ExtHovorka",
    "model_parameters": {
        "kb1": 7.032859947747421e-05,
        "kb2": 5.371266420279694e-06,
        "kb3": 0.0011685167400529782,
        "EGP0": 2.7230858757408964,
        "ke": 0.138,
        "F01": 0.0050585908832326935,
        "AG": 0.8,
        "tmaxI": 99.61811962180408,
        "tmaxG": 40.0,
        "p3": 4.281361797123081,
        "p4": 3.8632155063359477,
        "p5": 3.544817356686926,
        "beta": 5.2288747047364375,
        "a": 0.5180014962743239,
        "BW": 88.15398275691594,
        "HRrest": 68.12350438884789,
        "HRmax": 202.16818414507193,
        "VG": 14.10463724110655,
        "VI": 10.578477930829912,
        "VT_HRR": 0.7992085473498158,
        "k12": 0.066,
        "ka1": 0.006,
        "ka2": 0.06,
        "ka3": 0.03,
        "aSI": -1.9,
        "b": 0.28,
        "c": 7,
        "dSI": -12,
        "tsub": 15,
        "p1": 2.73,
        "p2": 8.23,
        "p6": 0.18,
        "p7": 0.1,
        "p8": 0.1,
        "tmaxGFast": 20
    },
    "demographic_info": {
        "body_weight": 88.15398275691594,
        "basal": 1.5561201105008493,
        "height": 169.77209939507543,
        "total_daily_basal": 35.1811826396485,
        "carb_insulin_ratio": 24.5,
        "resting_heart_rate": 68.12350438884789,
        "correction_bolus": 40.54176223081981,
        "HbA1c": 6.9383261856027,
        "waist_size": 103.43040522002647
    }
}