{
    "model_name": "T1DM.ExtHovorka",
    "model_parameters": {
        "kb1": 4.557922420645436e-05,
        "kb2": 5.6651130501847505e-06,
        "kb3": 0.0008883405264129193,
        "EGP0": 2.396780582420543,
        "ke": 0.138,
        "F01": 0.01749901461113182,
        "AG": 0.8,
        "tmaxI": 104.90208740841837,
        "tmaxG": 40.0,
        "p3": 10.181887054451995,
        "p4": 4.212586756086741,
        "p5": 2.6372093852673153,
        "beta": 5.510603370989054,
        "a": 0.6643334822985829,
        "BW": 75.4285500063631,
        "HRrest": 66.5900175084823,
        "HRmax": 190.92502650445334,
        "VG": 12.068568001018095,
        "VI": 9.051426000763572,
        "VT_HRR": 0.7592427409309288,
        "k12": 0.066,
        "ka1": 0.006,
        "ka2": 0.06,
        "ka3": 0.03,
        "aSI": -1.9,
        "b": 0.28,
        "c": 7,
        "dSI": -12,
        "tsub": 15,
        "p1": 2.73,
        "p2": 8.23,
        "p6": 0.18,
        "p7": 0.1,
        "p8": 0.1,
        "tmaxGFast": 20
    },
    "demographic_info": {
        "body_weight": 75.4285500063631,
        "basal": 1.001885964603786,
        "height": 175.9149508119357,
        "total_daily_basal": 19.583115062700323,
        "carb_insulin_ratio": 19.1,
        "resting_heart_rate": 66.5900175084823,
        "correction_bolus": 44.2695894060921,
        "HbA1c": 6.705459526656095,
        "waist_size": 88.33687696909472
    }
}