{
    "model_name": "T1DM.ExtHovorka",
    "model_parameters": {
        "kb1": 7.165577935135865e-05,
        "kb2": 7.752168288933578e-06,
        "kb3": 0.0017098594063476873,
        "EGP0": 0.5630815319663802,
        "ke": 0.138,
        "F01": 0.0024440296210946483,
        "AG": 0.8,
        "tmaxI": 125.45956617250124,
        "tmaxG": 40.0,
        "p3": 19.35543467449895,
        "p4": 1.8331600581990484,
        "p5": 3.1675689548088646,
        "beta": 5.574910150759707,
        "a": 0.5938592759246452,
        "BW": 65.48270505579416,
        "HRrest": 57.882899490746425,
        "HRmax": 190.27394065818655,
        "VG": 10.477232808927065,
        "VI": 7.857924606695298,
        "VT_HRR": 0.7917915317340609,
        "k12": 0.066,
        "ka1": 0.006,
        "ka2": 0.06,
        "ka3": 0.03,
        "aSI": -1.9,
        "b": 0.28,
        "c": 7,
        "dSI": -12,
        "tsub": 15,
        "p1": 2.73,
        "p2": 8.23,
        "p6": 0.18,
        "p7": 0.1,
        "p8": 0.1,
        "tmaxGFast": 20
    },
    "demographic_info": {
        "body_weight": 65.48270505579416,
        "basal": 0.5872017431381126,
        "height": 168.62517595000915,
        "total_daily_basal": 6.5307721100947305,
        "carb_insulin_ratio": 15.5,
        "resting_heart_rate": 57.882899490746425,
        "correction_bolus": 66.36868919928523,
        "HbA1c": 6.487226625896209,
        "waist_size": 81.23095454391927
    }
}