{
    "model_name": "T1DM.ExtHovorka",
    "model_parameters": {
        "kb1": 5.3820918828153546e-05,
        "kb2": 6.483676480150209e-06,
        "kb3": 0.0009138841362881847,
        "EGP0": 2.6830171619788423,
        "ke": 0.138,
        "F01": 0.02036980639684943,
        "AG": 0.8,
        "tmaxI": 112.09332175872929,
        "tmaxG": 40.0,
        "p3": 19.95521677741255,
        "p4": 4.843676273123096,
        "p5": 5.027771323653941,
        "beta": 3.8047370571056014,
        "a": 0.15928763932954026,
        "BW": 73.07656232734891,
        "HRrest": 72.88553452688718,
        "HRmax": 198.39122447099354,
        "VG": 11.692249972375826,
        "VI": 8.769187479281868,
        "VT_HRR": 0.7601411346788823,
        "k12": 0.066,
        "ka1": 0.006,
        "ka2": 0.06,
        "ka3": 0.03,
        "aSI": -1.9,
        "b": 0.28,
        "c": 7,
        "dSI": -12,
        "tsub": 15,
        "p1": 2.73,
        "p2": 8.23,
        "p6": 0.18,
        "p7": 0.1,
        "p8": 0.1,
        "tmaxGFast": 20
    },
    "demographic_info": {
        "body_weight": 73.07656232734891,
        "basal": 0.9253373921164862,
        "height": 169.09854482581895,
        "total_daily_basal": 21.82281122419369,
        "carb_insulin_ratio": 23.0,
        "resting_heart_rate": 72.88553452688718,
        "correction_bolus": 58.93713849624571,
        "HbA1c": 6.365115741442594,
        "waist_size": 88.76393207824532
    }
}