{
    "model_name": "T1DM.ExtHovorka",
    "model_parameters": {
        "kb1": 9.040965159774245e-05,
        "kb2": 5.048410480539321e-06,
        "kb3": 0.0011989532509713114,
        "EGP0": 0.8086969829725902,
        "ke": 0.138,
        "F01": 0.00871788453835797,
        "AG": 0.8,
        "tmaxI": 105.92694751112798,
        "tmaxG": 40.0,
        "p3": 2.4533477368720114,
        "p4": 3.7911730126293515,
        "p5": 3.505651214679067,
        "beta": 4.194821189957436,
        "a": 0.5347006678191134,
        "BW": 66.24600537069847,
        "HRrest": 70.91014059834018,
        "HRmax": 198.04991728397547,
        "VG": 10.599360859311755,
        "VI": 7.949520644483816,
        "VT_HRR": 0.7884506268327544,
        "k12": 0.066,
        "ka1": 0.006,
        "ka2": 0.06,
        "ka3": 0.03,
        "aSI": -1.9,
        "b": 0.28,
        "c": 7,
        "dSI": -12,
        "tsub": 15,
        "p1": 2.73,
        "p2": 8.23,
        "p6": 0.18,
        "p7": 0.1,
        "p8": 0.1,
        "tmaxGFast": 20
    },
    "demographic_info": {
        "body_weight": 66.24600537069847,
        "basal": 0.3890665228092637,
        "height": 170.47336699711133,
        "total_daily_basal": 8.699880857746003,
        "carb_insulin_ratio": 14.0,
        "resting_heart_rate": 70.91014059834018,
        "correction_bolus": 54.95544425917859,
        "HbA1c": 6.122048686803769,
        "waist_size": 78.47074557054829
    }
}