{
    "model_name": "T1DM.ExtHovorka",
    "model_parameters": {
        "kb1": 9.11037770708543e-05,
        "kb2": 6.4205863560203254e-06,
        "kb3": 0.0008899826050580696,
        "EGP0": 1.0022001814776393,
        "ke": 0.138,
        "F01": 0.0025431787068661512,
        "AG": 0.8,
        "tmaxI": 113.96606491055171,
        "tmaxG": 40.0,
        "p3": 2.866236365809071,
        "p4": 2.2302245353202212,
        "p5": 1.1616404144126435,
        "beta": 3.912516113487867,
        "a": 0.64410995618583,
        "BW": 79.22003436760265,
        "HRrest": 66.33169169470821,
        "HRmax": 195.85544670693196,
        "VG": 12.675205498816425,
        "VI": 9.506404124112318,
        "VT_HRR": 0.7158710145015055,
        "k12": 0.066,
        "ka1": 0.006,
        "ka2": 0.06,
        "ka3": 0.03,
        "aSI": -1.9,
        "b": 0.28,
        "c": 7,
        "dSI": -12,
        "tsub": 15,
        "p1": 2.73,
        "p2": 8.23,
        "p6": 0.18,
        "p7": 0.1,
        "p8": 0.1,
        "tmaxGFast": 20
    },
    "demographic_info": {
        "body_weight": 79.22003436760265,
        "basal": 1.1361426567898003,
        "height": 174.8103811281792,
        "total_daily_basal": 16.893508304187925,
        "carb_insulin_ratio": 17.5,
        "resting_heart_rate": 66.33169169470821,
        "correction_bolus": 27.75762064628288,
        "HbA1c": 6.504829380128289,
        "waist_size": 91.09092419911181
    }
}