{
    "model_name": "T1DM.ExtHovorka",
    "model_parameters": {
        "kb1": 5.3135480894497934e-05,
        "kb2": 7.838809249866747e-06,
        "kb3": 0.0010216525468826016,
        "EGP0": 1.16547665164425,
        "ke": 0.138,
        "F01": 0.008378304429467161,
        "AG": 0.8,
        "tmaxI": 99.89788273589323,
        "tmaxG": 40.0,
        "p3": 17.77998342316586,
        "p4": 2.2706628190954996,
        "p5": 4.1861041440610585,
        "beta": 6.897518314543846,
        "a": 0.6779427021462364,
        "BW": 64.05715641021587,
        "HRrest": 54.81662483691496,
        "HRmax": 188.30143081491292,
        "VG": 10.249145025634538,
        "VI": 7.686858769225903,
        "VT_HRR": 0.8656773404944158,
        "k12": 0.066,
        "ka1": 0.006,
        "ka2": 0.06,
        "ka3": 0.03,
        "aSI": -1.9,
        "b": 0.28,
        "c": 7,
        "dSI": -12,
        "tsub": 15,
        "p1": 2.73,
        "p2": 8.23,
        "p6": 0.18,
        "p7": 0.1,
        "p8": 0.1,
        "tmaxGFast": 20
    },
    "demographic_info": {
        "body_weight": 64.05715641021587,
        "basal": 0.7708693834302222,
        "height": 166.83925192751693,
        "total_daily_basal": 12.037381830529077,
        "carb_insulin_ratio": 18.0,
        "resting_heart_rate": 54.81662483691496,
        "correction_bolus": 74.2851753345152,
        "HbA1c": 6.872351596248516,
        "waist_size": 80.209466152984
    }
}