{
    "model_name": "T1DM.ExtHovorka",
    "model_parameters": {
        "kb1": 5.102944796571627e-05,
        "kb2": 5.100102551056009e-06,
        "kb3": 0.0010511961851978897,
        "EGP0": 2.4149883374204646,
        "ke": 0.138,
        "F01": 0.006954680929823252,
        "AG": 0.8,
        "tmaxI": 104.74155153879902,
        "tmaxG": 40.0,
        "p3": 4.240726158336432,
        "p4": 2.785249715916438,
        "p5": 3.30123824992629,
        "beta": 6.224903633679386,
        "a": 0.6060399597188004,
        "BW": 81.19733493604036,
        "HRrest": 58.27472128324058,
        "HRmax": 188.9562122684975,
        "VG": 12.991573589766459,
        "VI": 9.743680192324844,
        "VT_HRR": 0.8207705888523703,
        "k12": 0.066,
        "ka1": 0.006,
        "ka2": 0.06,
        "ka3": 0.03,
        "aSI": -1.9,
        "b": 0.28,
        "c": 7,
        "dSI": -12,
        "tsub": 15,
        "p1": 2.73,
        "p2": 8.23,
        "p6": 0.18,
        "p7": 0.1,
        "p8": 0.1,
        "tmaxGFast": 20
    },
    "demographic_info": {
        "body_weight": 81.19733493604036,
        "basal": 1.5042969785985973,
        "height": 166.90979565723597,
        "total_daily_basal": 31.351466200104813,
        "carb_insulin_ratio": 20.2,
        "resting_heart_rate": 58.27472128324058,
        "correction_bolus": 51.76072704426829,
        "HbA1c": 7.224855460501622,
        "waist_size": 98.82248449328185
    }
}