{
    "model_name": "T1DM.ExtHovorka",
    "model_parameters": {
        "kb1": 7.407371916727526e-05,
        "kb2": 6.704012973917049e-06,
        "kb3": 0.0003023103952289735,
        "EGP0": 1.0443379830083472,
        "ke": 0.138,
        "F01": 0.003850405044653224,
        "AG": 0.8,
        "tmaxI": 130.70335957385532,
        "tmaxG": 40.0,
        "p3": 1.8861271423581911,
        "p4": 1.8175898669489827,
        "p5": 2.012638659588941,
        "beta": 4.243239710991438,
        "a": 0.8634853885075751,
        "BW": 74.04155784934036,
        "HRrest": 58.05836346531236,
        "HRmax": 190.85963255117065,
        "VG": 11.846649255894459,
        "VI": 8.884986941920843,
        "VT_HRR": 0.7382289978502687,
        "k12": 0.066,
        "ka1": 0.006,
        "ka2": 0.06,
        "ka3": 0.03,
        "aSI": -1.9,
        "b": 0.28,
        "c": 7,
        "dSI": -12,
        "tsub": 15,
        "p1": 2.73,
        "p2": 8.23,
        "p6": 0.18,
        "p7": 0.1,
        "p8": 0.1,
        "tmaxGFast": 20
    },
    "demographic_info": {
        "body_weight": 74.04155784934036,
        "basal": 1.4543908266349637,
        "height": 173.84787210200366,
        "total_daily_basal": 21.925064704959457,
        "carb_insulin_ratio": 16.5,
        "resting_heart_rate": 58.05836346531236,
        "correction_bolus": 28.413261174227294,
        "HbA1c": 7.607558784810621,
        "waist_size": 83.49398695699405
    }
}