{
    "model_name": "T1DM.ExtHovorka",
    "model_parameters": {
        "kb1": 7.796338487801676e-05,
        "kb2": 8.520920728044979e-06,
        "kb3": 0.00036096012183229004,
        "EGP0": 1.614968415290308,
        "ke": 0.138,
        "F01": 0.0107598470618749,
        "AG": 0.8,
        "tmaxI": 117.12438771904024,
        "tmaxG": 40.0,
        "p3": 24.13825822292667,
        "p4": 1.8586350121226087,
        "p5": 1.6381245309983594,
        "beta": 4.27606656402291,
        "a": 0.16616378765809325,
        "BW": 84.6390166082624,
        "HRrest": 66.94102854182583,
        "HRmax": 196.34198213663902,
        "VG": 13.542242657321983,
        "VI": 10.156681992991487,
        "VT_HRR": 0.7672218901255963,
        "k12": 0.066,
        "ka1": 0.006,
        "ka2": 0.06,
        "ka3": 0.03,
        "aSI": -1.9,
        "b": 0.28,
        "c": 7,
        "dSI": -12,
        "tsub": 15,
        "p1": 2.73,
        "p2": 8.23,
        "p6": 0.18,
        "p7": 0.1,
        "p8": 0.1,
        "tmaxGFast": 20
    },
    "demographic_info": {
        "body_weight": 84.6390166082624,
        "basal": 1.1869561015124273,
        "height": 166.01873055873958,
        "total_daily_basal": 11.685292954624764,
        "carb_insulin_ratio": 18.5,
        "resting_heart_rate": 66.94102854182583,
        "correction_bolus": 53.71740943630933,
        "HbA1c": 5.902605606552697,
        "waist_size": 105.49135248300706
    }
}