{
    "model_name": "T1DM.ExtHovorka",
    "model_parameters": {
        "kb1": 0.00010256416154257854,
        "kb2": 6.774366799670564e-06,
        "kb3": 0.000802330202767606,
        "EGP0": 1.2722867218361051,
        "ke": 0.138,
        "F01": 0.00523729304395082,
        "AG": 0.8,
        "tmaxI": 57.922256830879526,
        "tmaxG": 40.0,
        "p3": 9.21532546992536,
        "p4": 1.8848536665635536,
        "p5": 0.9443716180003808,
        "beta": 6.280234574366986,
        "a": 0.5820129379521342,
        "BW": 82.81604244858114,
        "HRrest": 64.16123173184612,
        "HRmax": 193.99513448608153,
        "VG": 13.250566791772982,
        "VI": 9.937925093829737,
        "VT_HRR": 0.8356399538406258,
        "k12": 0.066,
        "ka1": 0.006,
        "ka2": 0.06,
        "ka3": 0.03,
        "aSI": -1.9,
        "b": 0.28,
        "c": 7,
        "dSI": -12,
        "tsub": 15,
        "p1": 2.73,
        "p2": 8.23,
        "p6": 0.18,
        "p7": 0.1,
        "p8": 0.1,
        "tmaxGFast": 20
    },
    "demographic_info": {
        "body_weight": 82.81604244858114,
        "basal": 1.089055289266343,
        "height": 173.22743283860441,
        "total_daily_basal": 12.556859805742251,
        "carb_insulin_ratio": 18.2,
        "resting_heart_rate": 64.16123173184612,
        "correction_bolus": 43.499047009975385,
        "HbA1c": 5.6539677122632845,
        "waist_size": 100.94805974038441
    }
}