{
    "model_name": "T1DM.ExtHovorka",
    "model_parameters": {
        "kb1": 8.272945697892883e-05,
        "kb2": 5.199472782224404e-06,
        "kb3": 0.0006850808807378972,
        "EGP0": 2.4503538338407647,
        "ke": 0.138,
        "F01": 0.007763507756305867,
        "AG": 0.8,
        "tmaxI": 71.28958301364133,
        "tmaxG": 40.0,
        "p3": 5.270869094867678,
        "p4": 1.772326698784886,
        "p5": 0.9882566637841745,
        "beta": 5.802381528215955,
        "a": 0.5609433159728733,
        "BW": 84.057363434681,
        "HRrest": 63.71511065409601,
        "HRmax": 187.20179789082567,
        "VG": 13.44917814954896,
        "VI": 10.086883612161719,
        "VT_HRR": 0.7740996598665869,
        "k12": 0.066,
        "ka1": 0.006,
        "ka2": 0.06,
        "ka3": 0.03,
        "aSI": -1.9,
        "b": 0.28,
        "c": 7,
        "dSI": -12,
        "tsub": 15,
        "p1": 2.73,
        "p2": 8.23,
        "p6": 0.18,
        "p7": 0.1,
        "p8": 0.1,
        "tmaxGFast": 20
    },
    "demographic_info": {
        "body_weight": 84.057363434681,
        "basal": 1.765103131381981,
        "height": 174.96289675639153,
        "total_daily_basal": 25.33851498599398,
        "carb_insulin_ratio": 19.8,
        "resting_heart_rate": 63.71511065409601,
        "correction_bolus": 32.16860959748321,
        "HbA1c": 6.195167366582984,
        "waist_size": 101.73414288519159
    }
}