Day,Meal,Carb Magnitude
1,Breakfast,48.62857384703998
1,Lunch,5.642765958540163
1,Dinner,47.09833713646008
2,Breakfast,15.542203606849341
2,Lunch,80.90432078134847
2,Dinner,32.44629022327693
3,Breakfast,117.91841721805788
3,Lunch,48.89912985927476
3,Dinner,2.8265154542806856
4,Breakfast,35.000825010709356
4,Lunch,22.358946064904856
4,Dinner,24.188675921465563
5,Breakfast,7.120711910074015
5,Lunch,22.986113224565386
5,Dinner,20.141196833474442
6,Breakfast,27.840043974646047
6,Lunch,18.197797957756535
6,Dinner,20.475117658987706
7,Breakfast,62.37599130438
7,Lunch,39.55737274545627
7,Dinner,4.424672938897827
