Day,Meal,Carb Magnitude
1,Breakfast,76.49299040611855
1,Lunch,42.23145122778855
1,Dinner,64.26716592478971
2,Breakfast,16.587543217469698
2,Lunch,60.330297157395876
2,Dinner,67.11269698970705
3,Breakfast,124.98144898075256
3,Lunch,59.90312452527191
3,Dinner,44.44806694617215
4,Breakfast,32.91098973135622
4,Lunch,76.4395320348983
4,Dinner,6.638073433236172
5,Breakfast,22.75013349559113
5,Lunch,132.46414872834023
5,Dinner,44.183771371495396
6,Breakfast,58.35987092462979
6,Lunch,43.94964323378437
6,Dinner,32.33308580519586
7,Breakfast,58.374872698203376
7,Lunch,65.83321748081396
7,Dinner,26.278336283130287
