Day,Meal,Carb Magnitude
1,Breakfast,37.86013902369975
1,Lunch,10.66212062001024
1,Dinner,3.1197505714237335
2,Breakfast,196.13281156008787
2,Lunch,62.4927991840661
2,Dinner,38.105959914388656
3,Breakfast,42.355279609348315
3,Lunch,62.09919744172767
3,Dinner,94.03249710518821
4,Breakfast,52.51805817322627
4,Lunch,4.993623818160691
4,Dinner,132.1156264313446
5,Breakfast,18.119850418963882
5,Lunch,36.6173666941453
5,Dinner,93.89858427735764
6,Breakfast,4.124970915964701
6,Lunch,28.339297955831277
6,Dinner,32.663550641765745
7,Breakfast,20.96592044150094
7,Lunch,44.60968886555358
7,Dinner,77.07760568619317
