Day,Meal,Carb Magnitude
1,Breakfast,1.6014731095189811
1,Lunch,10.907544896454429
1,Dinner,87.71169592395286
2,Breakfast,45.015014187474975
2,Lunch,33.968005489914056
2,Dinner,38.58845195275426
3,Breakfast,0.9418104747512058
3,Lunch,32.38849202481666
3,Dinner,1.5528324618464633
4,Breakfast,11.373750634972113
4,Lunch,26.542382126587732
4,Dinner,46.344314296022056
5,Breakfast,7.81363055271276
5,Lunch,7.013561253741045
5,Dinner,0.8416011654309264
6,Breakfast,25.886420350978838
6,Lunch,5.848102266275334
6,Dinner,36.967668171298946
7,Breakfast,2.338366897197655
7,Lunch,1.6411726778199638
7,Dinner,5.3854417705281525
