Day,Meal,Carb Magnitude
1,Breakfast,78.3623047320526
1,Lunch,110.65695677403056
1,Dinner,8.001041763558653
2,Breakfast,39.59261876266933
2,Lunch,202.59154023606828
2,Dinner,5.4890271583297565
3,Breakfast,33.942061097468674
3,Lunch,31.248381146478376
3,Dinner,81.93666470066795
4,Breakfast,31.369819268149886
4,Lunch,85.5602762651149
4,Dinner,135.17797418040234
5,Breakfast,46.1384737548694
5,Lunch,15.458244332070421
5,Dinner,41.65918216001013
6,Breakfast,193.02875170059917
6,Lunch,12.153104520278385
6,Dinner,27.613737786124048
7,Breakfast,29.74890187934334
7,Lunch,46.14980246517268
7,Dinner,77.34132336145184
