Day,Meal,Carb Magnitude
1,Breakfast,17.076738833998544
1,Lunch,34.734114856812056
1,Dinner,48.63925262188264
2,Breakfast,64.15426282658646
2,Lunch,107.4752183602051
2,Dinner,28.601241227492803
3,Breakfast,29.920997926644397
3,Lunch,145.85728559800864
3,Dinner,39.82743583349042
4,Breakfast,1.0139865639140506
4,Lunch,103.76851781599923
4,Dinner,58.472084590227496
5,Breakfast,4.8951954626387035
5,Lunch,15.494134833728669
5,Dinner,77.57720491761883
6,Breakfast,142.39140710719784
6,Lunch,8.68131875803956
6,Dinner,17.384127727835192
7,Breakfast,6.210153476514199
7,Lunch,50.6461040156023
7,Dinner,177.58563944543877
