Day,Meal,Carb Magnitude
1,Breakfast,11.721823473245676
1,Lunch,18.101934198552158
1,Dinner,33.42158279571713
2,Breakfast,6.431467308802696
2,Lunch,1.0628386776793597
2,Dinner,21.50475427405881
3,Breakfast,34.18627534485273
3,Lunch,117.517281242427
3,Dinner,4.346220416913386
4,Breakfast,24.345158393829294
4,Lunch,0.5717763884718492
4,Dinner,8.640636348607273
5,Breakfast,13.020029714601055
5,Lunch,8.080279681778535
5,Dinner,3.6543455830550347
6,Breakfast,16.29448793441964
6,Lunch,51.617196901364615
6,Dinner,2.9066529609973766
7,Breakfast,48.90009130248232
7,Lunch,2.4500018198693434
7,Dinner,29.795098660820457
