Day,Meal,Carb Magnitude
1,Breakfast,14.980540347498257
1,Lunch,51.939589906100686
1,Dinner,26.032374854476394
2,Breakfast,82.9905883356425
2,Lunch,5.308669501890896
2,Dinner,33.967117140786634
3,Breakfast,84.2128546583478
3,Lunch,46.196968757360004
3,Dinner,121.1005196991058
4,Breakfast,111.24413237850283
4,Lunch,4.203406268558552
4,Dinner,219.71055079031873
5,Breakfast,152.68517554301076
5,Lunch,26.7196331465106
5,Dinner,23.6598054883615
6,Breakfast,2.9126814904905944
6,Lunch,133.13970760310642
6,Dinner,51.681053232350884
7,Breakfast,27.781009127907964
7,Lunch,3.0138404561605894
7,Dinner,94.67987904491855
