Day,Meal,Carb Magnitude
1,Breakfast,89.05302369854473
1,Lunch,6.178139687635642
1,Dinner,1.0136972357783278
2,Breakfast,9.890985989829838
2,Lunch,17.34050185792577
2,Dinner,44.79183254743534
3,Breakfast,36.73968004261902
3,Lunch,21.647601175357735
3,Dinner,51.87613056190536
4,Breakfast,38.17991263058725
4,Lunch,5.683090368233219
4,Dinner,50.012086885806184
5,Breakfast,18.662593376713893
5,Lunch,19.87222823700798
5,Dinner,35.03439468784772
6,Breakfast,6.42522805182598
6,Lunch,8.176670029522793
6,Dinner,31.38406153490005
7,Breakfast,2.1653109583718915
7,Lunch,23.862214230054004
7,Dinner,41.79305400194315
