Day,Meal,Carb Magnitude
1,Breakfast,61.04231523103559
1,Lunch,37.16697983040021
1,Dinner,70.3012206940445
2,Breakfast,29.952362898767145
2,Lunch,28.648178642000484
2,Dinner,67.96501969127809
3,Breakfast,6.875615597496348
3,Lunch,15.667920225842469
3,Dinner,54.304250197759714
4,Breakfast,30.751070760388746
4,Lunch,97.6635888063074
4,Dinner,38.77466938434373
5,Breakfast,63.43447144509088
5,Lunch,31.329391191181013
5,Dinner,22.871837782353033
6,Breakfast,2.4168781815721143
6,Lunch,19.056322711343466
6,Dinner,15.602087495449888
7,Breakfast,59.91975772933592
7,Lunch,66.36394271318444
7,Dinner,4.082047253700115
