Day,Meal,Carb Magnitude
1,Breakfast,37.586568376953814
1,Lunch,84.96609556367318
1,Dinner,7.824565667762862
2,Breakfast,11.543752955033908
2,Lunch,43.95538007481384
2,Dinner,58.27257355132464
3,Breakfast,9.213758470962476
3,Lunch,112.86711929482532
3,Dinner,26.78231832930107
4,Breakfast,9.481291140098447
4,Lunch,79.20325261398497
4,Dinner,41.713771363601005
5,Breakfast,35.82539023620335
5,Lunch,29.250086013971
5,Dinner,35.564058070953756
6,Breakfast,118.69240915971518
6,Lunch,78.04108105254905
6,Dinner,11.077157883204306
7,Breakfast,27.289181513905532
7,Lunch,15.845100370934768
7,Dinner,128.40047464692847
