Day,Meal,Carb Magnitude
1,Breakfast,147.93639225271994
1,Lunch,5.9009642102919315
1,Dinner,35.756620987843334
2,Breakfast,62.14091050166543
2,Lunch,73.79390039880953
2,Dinner,96.97216504283152
3,Breakfast,12.708423697662399
3,Lunch,278.89344765864877
3,Dinner,124.15103598460958
4,Breakfast,175.52807790497573
4,Lunch,39.02842047270461
4,Dinner,89.89938535717127
5,Breakfast,95.70845109437657
5,Lunch,44.15229591718821
5,Dinner,136.62054665565813
6,Breakfast,64.86555812080817
6,Lunch,106.76513377234511
6,Dinner,11.310719404753167
7,Breakfast,39.45775064464685
7,Lunch,4.406832053914847
7,Dinner,305.0287630353589
