Day,Meal,Carb Magnitude
1,Breakfast,53.81523420258415
1,Lunch,36.419614473765336
1,Dinner,71.40297402804015
2,Breakfast,41.19638303423913
2,Lunch,28.192567597033648
2,Dinner,85.64224521770595
3,Breakfast,30.954434188005006
3,Lunch,11.848976350815255
3,Dinner,77.44667079268324
4,Breakfast,56.40697699279371
4,Lunch,16.434759366087633
4,Dinner,73.85797208028939
5,Breakfast,22.454126479931215
5,Lunch,53.24692483346876
5,Dinner,20.67397413375922
6,Breakfast,26.884870458570752
6,Lunch,59.50093295716773
6,Dinner,41.40196383058366
7,Breakfast,25.27425589079124
7,Lunch,96.3194268580531
7,Dinner,72.87381867450672
