Day,Meal,Carb Magnitude
1,Breakfast,65.0852575089793
1,Lunch,0.6566047025140513
1,Dinner,65.34601600671742
2,Breakfast,58.14716997819685
2,Lunch,106.94803587224612
2,Dinner,51.85048253418251
3,Breakfast,31.736400841172046
3,Lunch,108.1418068969397
3,Dinner,31.851071497548443
4,Breakfast,135.18548950825866
4,Lunch,8.58323278818895
4,Dinner,117.532394620534
5,Breakfast,58.64151693745638
5,Lunch,29.665705743229196
5,Dinner,0.15044846952772892
6,Breakfast,46.07710316036099
6,Lunch,9.248048911699007
6,Dinner,18.905465945978637
7,Breakfast,92.24108401962592
7,Lunch,30.474721681550825
7,Dinner,28.33669975214781
