Day,Meal,Carb Magnitude
1,Breakfast,34.0313158779509
1,Lunch,54.872410137433334
1,Dinner,7.800472621276458
2,Breakfast,24.054631104708385
2,Lunch,21.603633864820377
2,Dinner,19.642052050120625
3,Breakfast,1.593400864081126
3,Lunch,47.30663796467355
3,Dinner,36.022477422165224
4,Breakfast,55.44008213174367
4,Lunch,9.694751785600522
4,Dinner,4.727059575219814
5,Breakfast,26.12176887694906
5,Lunch,7.899327873248209
5,Dinner,72.28657509615095
6,Breakfast,49.14092187782523
6,Lunch,52.04842425960077
6,Dinner,23.297202584745282
7,Breakfast,1.7644089164256784
7,Lunch,58.5959294169853
7,Dinner,71.27151076606236
