{
    "model_name": "Physact.Activity2Heartrate",
    "model_parameters": {
        "beta": 5.7785608330602,
        "VT_HRR": 0.8323999399658413,
        "a": 0.44566962164421275,
        "HRmax": 203.55486895077289,
        "HRrest": 77.69246053703627,
        "MaxSpeed": 5.120595684650819,
        "MaxGrade": 18.301489211627064,
        "MAP": 375.1138139169603,
        "BW": 70.45922062423725,
        "vGmax": 0.5,
        "aL": 0.2,
        "aM": 0.12,
        "p0": 0.15,
        "r0": 10.200000000000001,
        "G0": 0.25,
        "M0": 0.6,
        "taoM": 25.0,
        "vMmax": 0.1,
        "GT": 1,
        "taoL": 0.5,
        "aG": 0.82
    }
}