{
    "model_name": "Physact.Activity2Heartrate",
    "model_parameters": {
        "beta": 3.5415973314121647,
        "VT_HRR": 0.7864768986238428,
        "a": 0.5982258595688301,
        "HRmax": 195.16727486193153,
        "HRrest": 64.83642590624383,
        "MaxSpeed": 4.262610995013517,
        "MaxGrade": 16.156527487533786,
        "MAP": 306.2537632304079,
        "BW": 67.55150236665017,
        "vGmax": 0.5,
        "aL": 0.2,
        "aM": 0.12,
        "p0": 0.15,
        "r0": 10.200000000000001,
        "G0": 0.25,
        "M0": 0.6,
        "taoM": 25.0,
        "vMmax": 0.1,
        "GT": 1,
        "taoL": 0.5,
        "aG": 0.82
    }
}