{
    "model_name": "Physact.Activity2Heartrate",
    "model_parameters": {
        "beta": 5.510603370989054,
        "VT_HRR": 0.7592427409309288,
        "a": 0.6643334822985829,
        "HRmax": 190.92502650445334,
        "HRrest": 66.5900175084823,
        "MaxSpeed": 4.416369230590267,
        "MaxGrade": 16.54092307647572,
        "MAP": 318.459705271166,
        "BW": 75.4285500063631,
        "vGmax": 0.5,
        "aL": 0.2,
        "aM": 0.12,
        "p0": 0.15,
        "r0": 10.200000000000001,
        "G0": 0.25,
        "M0": 0.6,
        "taoM": 25.0,
        "vMmax": 0.1,
        "GT": 1,
        "taoL": 0.5,
        "aG": 0.82
    }
}