{
    "model_name": "Physact.Activity2Heartrate",
    "model_parameters": {
        "beta": 5.363358890498194,
        "VT_HRR": 0.7817272101734319,
        "a": 0.5027436291704298,
        "HRmax": 193.8677132167076,
        "HRrest": 58.713691122157904,
        "MaxSpeed": 3.9864600118477735,
        "MaxGrade": 15.46615002961951,
        "MAP": 284.28879161393263,
        "BW": 70.40288283990742,
        "vGmax": 0.5,
        "aL": 0.2,
        "aM": 0.12,
        "p0": 0.15,
        "r0": 10.200000000000001,
        "G0": 0.25,
        "M0": 0.6,
        "taoM": 25.0,
        "vMmax": 0.1,
        "GT": 1,
        "taoL": 0.5,
        "aG": 0.82
    }
}