{
    "model_name": "Physact.Activity2Heartrate",
    "model_parameters": {
        "beta": 5.2288747047364375,
        "VT_HRR": 0.7992085473498158,
        "a": 0.5180014962743239,
        "HRmax": 202.16818414507193,
        "HRrest": 68.12350438884789,
        "MaxSpeed": 4.18495085435382,
        "MaxGrade": 15.96237713588458,
        "MAP": 300.0792653385059,
        "BW": 88.15398275691594,
        "vGmax": 0.5,
        "aL": 0.2,
        "aM": 0.12,
        "p0": 0.15,
        "r0": 10.200000000000001,
        "G0": 0.25,
        "M0": 0.6,
        "taoM": 25.0,
        "vMmax": 0.1,
        "GT": 1,
        "taoL": 0.5,
        "aG": 0.82
    }
}