{
    "model_name": "Physact.Activity2Heartrate",
    "model_parameters": {
        "beta": 6.280234574366986,
        "VT_HRR": 0.8356399538406258,
        "a": 0.5820129379521342,
        "HRmax": 193.99513448608153,
        "HRrest": 64.16123173184612,
        "MaxSpeed": 4.817441087276132,
        "MaxGrade": 17.543602718190435,
        "MAP": 350.0614421881758,
        "BW": 82.81604244858114,
        "vGmax": 0.5,
        "aL": 0.2,
        "aM": 0.12,
        "p0": 0.15,
        "r0": 10.200000000000001,
        "G0": 0.25,
        "M0": 0.6,
        "taoM": 25.0,
        "vMmax": 0.1,
        "GT": 1,
        "taoL": 0.5,
        "aG": 0.82
    }
}