{
    "model_name": "Physact.Activity2Heartrate",
    "model_parameters": {
        "beta": 3.2580574371173023,
        "VT_HRR": 0.6943822978131797,
        "a": 0.48717194738590863,
        "HRmax": 196.6852293670981,
        "HRrest": 67.12333721871421,
        "MaxSpeed": 3.8623188056668196,
        "MaxGrade": 15.155797014167064,
        "MAP": 274.4199117126111,
        "BW": 71.111263921718,
        "vGmax": 0.5,
        "aL": 0.2,
        "aM": 0.12,
        "p0": 0.15,
        "r0": 10.200000000000001,
        "G0": 0.25,
        "M0": 0.6,
        "taoM": 25.0,
        "vMmax": 0.1,
        "GT": 1,
        "taoL": 0.5,
        "aG": 0.82
    }
}