{
    "model_name": "Physact.Activity2Heartrate",
    "model_parameters": {
        "beta": 3.8047370571056014,
        "VT_HRR": 0.7601411346788823,
        "a": 0.15928763932954026,
        "HRmax": 198.39122447099354,
        "HRrest": 72.88553452688718,
        "MaxSpeed": 4.043088791112343,
        "MaxGrade": 15.607721977780804,
        "MAP": 288.79360867784953,
        "BW": 73.07656232734891,
        "vGmax": 0.5,
        "aL": 0.2,
        "aM": 0.12,
        "p0": 0.15,
        "r0": 10.200000000000001,
        "G0": 0.25,
        "M0": 0.6,
        "taoM": 25.0,
        "vMmax": 0.1,
        "GT": 1,
        "taoL": 0.5,
        "aG": 0.82
    }
}