{
    "model_name": "Physact.Activity2Heartrate",
    "model_parameters": {
        "beta": 3.912516113487867,
        "VT_HRR": 0.7158710145015055,
        "a": 0.64410995618583,
        "HRmax": 195.85544670693196,
        "HRrest": 66.33169169470821,
        "MaxSpeed": 4.202347318457431,
        "MaxGrade": 16.005868296143603,
        "MAP": 301.4627659788139,
        "BW": 79.22003436760265,
        "vGmax": 0.5,
        "aL": 0.2,
        "aM": 0.12,
        "p0": 0.15,
        "r0": 10.200000000000001,
        "G0": 0.25,
        "M0": 0.6,
        "taoM": 25.0,
        "vMmax": 0.1,
        "GT": 1,
        "taoL": 0.5,
        "aG": 0.82
    }
}