{
    "model_name": "Physact.Activity2Heartrate",
    "model_parameters": {
        "beta": 4.27606656402291,
        "VT_HRR": 0.7672218901255963,
        "a": 0.16616378765809325,
        "HRmax": 196.34198213663902,
        "HRrest": 66.94102854182583,
        "MaxSpeed": 4.073135657945846,
        "MaxGrade": 15.682839144864701,
        "MAP": 291.1841314160094,
        "BW": 84.6390166082624,
        "vGmax": 0.5,
        "aL": 0.2,
        "aM": 0.12,
        "p0": 0.15,
        "r0": 10.200000000000001,
        "G0": 0.25,
        "M0": 0.6,
        "taoM": 25.0,
        "vMmax": 0.1,
        "GT": 1,
        "taoL": 0.5,
        "aG": 0.82
    }
}