{
    "model_name": "Physact.Activity2Heartrate",
    "model_parameters": {
        "beta": 4.243239710991438,
        "VT_HRR": 0.7382289978502687,
        "a": 0.8634853885075751,
        "HRmax": 190.85963255117065,
        "HRrest": 58.05836346531236,
        "MaxSpeed": 3.95472291768825,
        "MaxGrade": 15.386807294220679,
        "MAP": 281.76470628475437,
        "BW": 74.04155784934036,
        "vGmax": 0.5,
        "aL": 0.2,
        "aM": 0.12,
        "p0": 0.15,
        "r0": 10.200000000000001,
        "G0": 0.25,
        "M0": 0.6,
        "taoM": 25.0,
        "vMmax": 0.1,
        "GT": 1,
        "taoL": 0.5,
        "aG": 0.82
    }
}