{
    "model_name": "Physact.Activity2Heartrate",
    "model_parameters": {
        "beta": 4.439321541259236,
        "VT_HRR": 0.804210907086267,
        "a": 0.39128163403354355,
        "HRmax": 190.90199273508895,
        "HRrest": 65.61584546323571,
        "MaxSpeed": 4.342093097280306,
        "MaxGrade": 16.35523274320077,
        "MAP": 312.5672831341176,
        "BW": 66.46599841690619,
        "vGmax": 0.5,
        "aL": 0.2,
        "aM": 0.12,
        "p0": 0.15,
        "r0": 10.200000000000001,
        "G0": 0.25,
        "M0": 0.6,
        "taoM": 25.0,
        "vMmax": 0.1,
        "GT": 1,
        "taoL": 0.5,
        "aG": 0.82
    }
}