{
    "model_name": "Physact.Activity2Heartrate",
    "model_parameters": {
        "beta": 2.636021949985978,
        "VT_HRR": 0.6395975299614638,
        "a": 0.3599689259701063,
        "HRmax": 200.92321798661567,
        "HRrest": 77.58122426239467,
        "MaxSpeed": 3.9284036674645852,
        "MaxGrade": 15.321009168661469,
        "MAP": 279.6719825587721,
        "BW": 73.46702140145517,
        "vGmax": 0.5,
        "aL": 0.2,
        "aM": 0.12,
        "p0": 0.15,
        "r0": 10.200000000000001,
        "G0": 0.25,
        "M0": 0.6,
        "taoM": 25.0,
        "vMmax": 0.1,
        "GT": 1,
        "taoL": 0.5,
        "aG": 0.82
    }
}