{
    "model_name": "Physact.Activity2Heartrate",
    "model_parameters": {
        "beta": 6.897518314543846,
        "VT_HRR": 0.8656773404944158,
        "a": 0.6779427021462364,
        "HRmax": 188.30143081491292,
        "HRrest": 54.81662483691496,
        "MaxSpeed": 4.652427640010288,
        "MaxGrade": 17.131069100025773,
        "MAP": 337.1138187283481,
        "BW": 64.05715641021587,
        "vGmax": 0.5,
        "aL": 0.2,
        "aM": 0.12,
        "p0": 0.15,
        "r0": 10.200000000000001,
        "G0": 0.25,
        "M0": 0.6,
        "taoM": 25.0,
        "vMmax": 0.1,
        "GT": 1,
        "taoL": 0.5,
        "aG": 0.82
    }
}