{
    "model_name": "Physact.Activity2Heartrate",
    "model_parameters": {
        "beta": 4.194821189957436,
        "VT_HRR": 0.7884506268327544,
        "a": 0.5347006678191134,
        "HRmax": 198.04991728397547,
        "HRrest": 70.91014059834018,
        "MaxSpeed": 4.474157305257484,
        "MaxGrade": 16.685393263143702,
        "MAP": 323.0376841492026,
        "BW": 66.24600537069847,
        "vGmax": 0.5,
        "aL": 0.2,
        "aM": 0.12,
        "p0": 0.15,
        "r0": 10.200000000000001,
        "G0": 0.25,
        "M0": 0.6,
        "taoM": 25.0,
        "vMmax": 0.1,
        "GT": 1,
        "taoL": 0.5,
        "aG": 0.82
    }
}