{
    "model_name": "Physact.Activity2Heartrate",
    "model_parameters": {
        "beta": 5.802381528215955,
        "VT_HRR": 0.7740996598665869,
        "a": 0.5609433159728733,
        "HRmax": 187.20179789082567,
        "HRrest": 63.71511065409601,
        "MaxSpeed": 4.706584871858557,
        "MaxGrade": 17.26646217964646,
        "MAP": 341.37305896647587,
        "BW": 84.057363434681,
        "vGmax": 0.5,
        "aL": 0.2,
        "aM": 0.12,
        "p0": 0.15,
        "r0": 10.200000000000001,
        "G0": 0.25,
        "M0": 0.6,
        "taoM": 25.0,
        "vMmax": 0.1,
        "GT": 1,
        "taoL": 0.5,
        "aG": 0.82
    }
}