{
    "model_name": "Physact.Activity2Heartrate",
    "model_parameters": {
        "beta": 5.574910150759707,
        "VT_HRR": 0.7917915317340609,
        "a": 0.5938592759246452,
        "HRmax": 190.27394065818655,
        "HRrest": 57.882899490746425,
        "MaxSpeed": 4.54086330533926,
        "MaxGrade": 16.85215826334813,
        "MAP": 328.3137561989499,
        "BW": 65.48270505579416,
        "vGmax": 0.5,
        "aL": 0.2,
        "aM": 0.12,
        "p0": 0.15,
        "r0": 10.200000000000001,
        "G0": 0.25,
        "M0": 0.6,
        "taoM": 25.0,
        "vMmax": 0.1,
        "GT": 1,
        "taoL": 0.5,
        "aG": 0.82
    }
}