{
    "model_name": "Physact.Activity2Heartrate",
    "model_parameters": {
        "beta": 4.964384427715848,
        "VT_HRR": 0.7852063922545244,
        "a": 0.45121250192827267,
        "HRmax": 188.8059642301855,
        "HRrest": 65.39186526425772,
        "MaxSpeed": 4.685425777722634,
        "MaxGrade": 17.213564444306613,
        "MAP": 339.710051484141,
        "BW": 61.502045496909794,
        "vGmax": 0.5,
        "aL": 0.2,
        "aM": 0.12,
        "p0": 0.15,
        "r0": 10.200000000000001,
        "G0": 0.25,
        "M0": 0.6,
        "taoM": 25.0,
        "vMmax": 0.1,
        "GT": 1,
        "taoL": 0.5,
        "aG": 0.82
    }
}