{
    "model_name": "Physact.Activity2Heartrate",
    "model_parameters": {
        "beta": 6.224903633679386,
        "VT_HRR": 0.8207705888523703,
        "a": 0.6060399597188004,
        "HRmax": 188.9562122684975,
        "HRrest": 58.27472128324058,
        "MaxSpeed": 4.2773256630885745,
        "MaxGrade": 16.193314157721492,
        "MAP": 307.42311654887817,
        "BW": 81.19733493604036,
        "vGmax": 0.5,
        "aL": 0.2,
        "aM": 0.12,
        "p0": 0.15,
        "r0": 10.200000000000001,
        "G0": 0.25,
        "M0": 0.6,
        "taoM": 25.0,
        "vMmax": 0.1,
        "GT": 1,
        "taoL": 0.5,
        "aG": 0.82
    }
}