{
    "model_name": "Physact.Activity2Heartrate",
    "model_parameters": {
        "beta": 5.170153337015699,
        "VT_HRR": 0.8060280222638125,
        "a": 0.6978346660679822,
        "HRmax": 203.1165831340233,
        "HRrest": 70.14067773680958,
        "MaxSpeed": 4.659519565189491,
        "MaxGrade": 17.148798912973742,
        "MAP": 337.67207179619817,
        "BW": 76.97383325194161,
        "vGmax": 0.5,
        "aL": 0.2,
        "aM": 0.12,
        "p0": 0.15,
        "r0": 10.200000000000001,
        "G0": 0.25,
        "M0": 0.6,
        "taoM": 25.0,
        "vMmax": 0.1,
        "GT": 1,
        "taoL": 0.5,
        "aG": 0.82
    }
}